ask-mona.png	704 B	704	
ask-mona.svg	655 B	655	❌
github.png	2.5 KB	2545	
github.svg	1.2 KB	1254	⭕
hatena-blog.png	3.2 KB	3297	
hatena-blog.svg	1 KB	1041	⭕
hatena.png	2.1 KB	2152	
hatena.svg	1.2 KB	1246	❌
mastodon.png	2 KB	2019	
mastodon.svg	1.2 KB	1222	❌
monaledge-mono.png	3.1 KB	3179	
monaledge-mono.svg	3.8 KB	3865	⭕
monaledge.png	3.2 KB	3291	
monaledge.svg	3.7 KB	3717	❌
pawoo.png	3.2 KB	3231	
pawoo.svg	4.5 KB	4565	⭕
pixiv.png	2.2 KB	2266	
pixiv.svg	623 B	623	❌
twitter.png	1.6 KB	1615	
twitter.svg	749 B	749	❌
